,track_name,artist_name,artist_pop,album,track_pop,danceability,energy,loudness,mode,key,speechiness,acousticness,instrumentalness,liveness,valence,tempo,time_signature,duration_ms,Rank,Genres,Last.Week.Rank,Peak.Pos.,Weeks.On.Chart,Pos..Change,overall_pop$(artist_pop + track_pop)/2,Is_Top_100
,,,,,,,,,,,,,,,,,,,,,,,,,,
1,As It Was,Harry Styles,91,As It Was,96,0.52,0.731,-5.338,0,6,0.0557,0.342,0.00101,0.311,0.662,173.93,4,167303,7,Pop,10,1,189,3,93.5,TRUE
2,Jimmy Cooks (feat. 21 Savage),Drake,95,"Honestly, Nevermind",92,0.529,0.673,-4.711,1,0,0.175,0.000307,0.00000241,0.093,0.366,165.921,4,218365,11,Rap/Hip-Hop,8,1,450,-3,93.5,TRUE
3,Late Night Talking,Harry Styles,91,Harry's House,93,0.714,0.728,-4.595,1,10,0.0468,0.298,0,0.106,0.901,114.996,4,177955,7,Pop,10,1,189,3,92,TRUE
4,Blinding Lights,The Weeknd,93,After Hours,90,0.514,0.73,-5.934,1,1,0.0598,0.00146,0.0000954,0.0897,0.334,171.005,4,200040,NA,NA,NA,NA,NA,NA,91.5,NA
5,Glimpse of Us,Joji,85,Glimpse of Us,97,0.44,0.317,-9.258,1,8,0.0531,0.891,0.00000478,0.141,0.268,169.914,3,233456,NA,NA,NA,NA,NA,NA,91,NA
6,Woman,Doja Cat,88,Planet Her,89,0.824,0.764,-4.175,0,5,0.0854,0.0888,0.00294,0.117,0.881,107.998,4,172627,23,Rap/Hip-Hop,25,1,160,2,88.5,TRUE
7,Running Up That Hill (A Deal With God),Kate Bush,81,Hounds Of Love,95,0.629,0.547,-13.123,0,10,0.055,0.72,0.00314,0.0604,0.197,108.375,4,298933,NA,NA,NA,NA,NA,NA,88,NA
8,Peaches (feat. Daniel Caesar & Giveon),Justin Bieber,90,Justice,86,0.677,0.696,-6.181,1,0,0.119,0.321,0,0.42,0.464,90.03,4,198082,53,Pop,47,1,416,-6,88,TRUE
9,Enemy (with JID) - from the series Arcane League of Legends,Imagine Dragons,88,Enemy (with JID) [from the series Arcane League of Legends],87,0.728,0.783,-4.424,0,11,0.266,0.237,0,0.434,0.555,77.011,4,173381,45,Pop,54,1,413,9,87.5,TRUE
10,About Damn Time,Lizzo,81,About Damn Time,92,0.836,0.743,-6.305,0,10,0.0656,0.0995,0,0.335,0.722,108.966,4,191822,30,Rap/Hip-Hop,77,1,132,47,86.5,TRUE
11,First Class,Jack Harlow,84,First Class,89,0.905,0.563,-6.135,1,8,0.102,0.0254,0.00000971,0.113,0.324,106.998,4,173948,NA,NA,NA,NA,NA,NA,86.5,NA
12,good 4 u,Olivia Rodrigo,85,SOUR,88,0.563,0.664,-5.044,1,9,0.154,0.335,0,0.0849,0.688,166.928,4,178147,59,Pop,64,1,109,5,86.5,TRUE
13,Need to Know,Doja Cat,88,Planet Her,85,0.664,0.609,-6.509,1,1,0.0707,0.304,0,0.0926,0.194,130.041,4,210560,23,Rap/Hip-Hop,25,1,160,2,86.5,TRUE
14,Levitating (feat. DaBaby),Dua Lipa,88,Future Nostalgia,85,0.702,0.825,-3.787,0,6,0.0601,0.00883,0,0.0674,0.915,102.977,4,203064,33,Pop,38,1,249,5,86.5,TRUE
15,Sweater Weather,The Neighbourhood,83,I Love You.,90,0.612,0.807,-2.81,1,10,0.0336,0.0495,0.0177,0.101,0.398,124.053,4,240400,NA,NA,NA,NA,NA,NA,86.5,NA
16,STAY (with Justin Bieber),The Kid LAROI,83,STAY (with Justin Bieber),89,0.591,0.764,-5.484,1,1,0.0483,0.0383,0,0.103,0.478,169.928,4,141806,64,Rap/Hip-Hop,46,4,98,-18,86,TRUE
17,Cooped Up (with Roddy Ricch),Post Malone,89,Cooped Up,83,0.669,0.773,-5.619,1,0,0.153,0.038,0,0.113,0.377,93.923,4,185857,19,Rap/Hip-Hop,31,1,346,12,86,TRUE
18,You Right,Doja Cat,88,Planet Her,84,0.828,0.621,-6.414,1,8,0.0565,0.0164,0.00233,0.0845,0.436,128.986,4,186173,23,Rap/Hip-Hop,25,1,160,2,86,TRUE
19,In Your Eyes,The Weeknd,93,After Hours,79,0.667,0.719,-5.371,0,7,0.0346,0.00285,0.000081,0.0736,0.717,100.021,4,237520,NA,NA,NA,NA,NA,NA,86,NA
20,Todo De Ti,Rauw Alejandro,89,Todo De Ti,82,0.78,0.718,-3.605,0,3,0.0506,0.31,0.000163,0.0932,0.342,127.949,4,199604,NA,NA,NA,NA,NA,NA,85.5,NA
21,Kiss Me More (feat. SZA),Doja Cat,88,Kiss Me More (feat. SZA),82,0.762,0.701,-3.541,1,8,0.0286,0.235,0.000158,0.123,0.742,110.968,4,208867,23,Rap/Hip-Hop,25,1,160,2,85,TRUE
22,Heat Waves,Glass Animals,80,Dreamland (+ Bonus Levels),89,0.761,0.525,-6.9,1,11,0.0944,0.44,0.0000067,0.0921,0.531,80.87,4,238805,75,Rock,68,7,99,-7,84.5,TRUE
23,Bad Habit,Steve Lacy,83,Gemini Rights,86,0.686,0.494,-7.093,1,1,0.0355,0.613,0.000058,0.402,0.7,168.946,4,232067,32,Rock,42,10,31,10,84.5,TRUE
24,THATS WHAT I WANT,Lil Nas X,81,MONTERO,88,0.737,0.846,-4.51,0,1,0.22,0.00614,0,0.0486,0.546,87.981,4,143901,97,Pop,92,2,164,-5,84.5,TRUE
25,The Motto,Tiësto,82,The Motto,87,0.754,0.763,-4.627,0,7,0.0435,0.0301,0.0000223,0.0901,0.464,117.953,4,164819,NA,NA,NA,NA,NA,NA,84.5,NA
26,Ain't Shit,Doja Cat,88,Planet Her,81,0.855,0.488,-4.601,1,3,0.208,0.506,0,0.347,0.619,124.097,4,174253,23,Rap/Hip-Hop,25,1,160,2,84.5,TRUE
27,MAMIII,Becky G,81,MAMIII,87,0.843,0.7,-3.563,0,4,0.0803,0.0934,0,0.14,0.899,93.991,4,226088,NA,NA,NA,NA,NA,NA,84,NA
28,Say So,Doja Cat,88,Hot Pink,80,0.787,0.673,-4.583,0,11,0.159,0.264,0.00000335,0.0904,0.779,110.962,4,237893,23,Rap/Hip-Hop,25,1,160,2,84,TRUE
29,I Don't Care (with Justin Bieber),Ed Sheeran,90,I Don't Care (with Justin Bieber),78,0.798,0.675,-5.041,1,6,0.0442,0.0912,0,0.0894,0.842,101.956,4,219947,20,Pop,15,1,443,-5,84,TRUE
30,Thousand Miles,The Kid LAROI,83,Thousand Miles,84,0.376,0.657,-4.658,1,7,0.0768,0.0858,0,0.0884,0.203,80.565,4,164782,64,Rap/Hip-Hop,46,4,98,-18,83.5,TRUE
31,INDUSTRY BABY (feat. Jack Harlow),Lil Nas X,81,INDUSTRY BABY (feat. Jack Harlow),86,0.736,0.704,-7.409,0,3,0.0615,0.0203,0,0.0501,0.894,149.995,4,212000,97,Pop,92,2,164,-5,83.5,TRUE
32,Beautiful Mistakes (feat. Megan Thee Stallion),Maroon 5,85,JORDI (Deluxe),82,0.713,0.676,-5.483,1,10,0.027,0.0377,0,0.154,0.721,99.048,4,227395,NA,NA,NA,NA,NA,NA,83.5,NA
33,34+35,Ariana Grande,87,Positions,80,0.83,0.585,-6.476,1,0,0.094,0.237,0,0.248,0.485,109.978,4,173711,NA,NA,NA,NA,NA,NA,83.5,NA
34,Don't Start Now,Dua Lipa,88,Don't Start Now,79,0.794,0.793,-4.521,0,11,0.0842,0.0125,0,0.0952,0.677,123.941,4,183290,33,Pop,38,1,249,5,83.5,TRUE
35,Intentions (feat. Quavo),Justin Bieber,90,Changes,77,0.806,0.546,-6.637,1,9,0.0575,0.3,0,0.102,0.874,147.986,4,212867,53,Pop,47,1,416,-6,83.5,TRUE
36,MIDDLE OF THE NIGHT,Elley Duhé,75,MIDDLE OF THE NIGHT,91,0.41,0.611,-8.271,0,4,0.0467,0.0228,0,0.116,0.0899,185.727,3,184448,NA,NA,NA,NA,NA,NA,83,NA
37,Envolver,Anitta,80,Envolver,86,0.812,0.736,-5.421,0,4,0.0833,0.152,0.00254,0.0914,0.396,91.993,4,193806,NA,NA,NA,NA,NA,NA,83,NA
38,Boss Bitch,Doja Cat,88,Boss Bitch,78,0.707,0.955,-4.593,0,10,0.222,0.127,0,0.202,0.575,125.989,4,134240,23,Rap/Hip-Hop,25,1,160,2,83,TRUE
39,Break My Heart,Dua Lipa,88,Future Nostalgia,78,0.73,0.729,-3.434,0,4,0.0884,0.167,0.00000139,0.349,0.467,113.011,4,221820,33,Pop,38,1,249,5,83,TRUE
40,Bam Bam (feat. Ed Sheeran),Camila Cabello,82,Familia,83,0.756,0.697,-6.377,1,8,0.0401,0.182,0,0.333,0.956,94.996,4,206071,NA,NA,NA,NA,NA,NA,82.5,NA
41,The Business,Tiësto,82,The Business,83,0.798,0.62,-7.079,0,8,0.232,0.414,0.0192,0.112,0.235,120.031,4,164000,NA,NA,NA,NA,NA,NA,82.5,NA
42,Dandelions,Ruth B.,75,Safe Haven,90,0.609,0.692,-2.958,1,1,0.0259,0.0157,0,0.0864,0.454,116.959,3,233720,NA,NA,NA,NA,NA,NA,82.5,NA
43,House of Memories,Panic! At The Disco,78,Death of a Bachelor,86,0.506,0.817,-5.051,0,11,0.0335,0.00272,0,0.0486,0.506,109.952,4,208707,NA,NA,NA,NA,NA,NA,82,NA
44,Until I Found You,Stephen Sanchez,74,Until I Found You,90,0.539,0.508,-6.05,1,10,0.0288,0.727,0,0.174,0.227,101.358,3,177720,76,Pop,66,66,15,-10,82,TRUE
45,Beggin',Måneskin,78,Chosen,86,0.714,0.8,-4.808,0,11,0.0504,0.127,0,0.359,0.589,134.002,4,211560,NA,NA,NA,NA,NA,NA,82,NA
46,What You Know Bout Love,Pop Smoke,83,Shoot For The Stars Aim For The Moon,81,0.709,0.548,-8.493,1,10,0.353,0.65,0.00000159,0.133,0.543,83.995,4,160000,NA,NA,NA,NA,NA,NA,82,NA
47,Toosie Slide,Drake,95,Dark Lane Demo Tapes,69,0.83,0.49,-8.82,0,1,0.209,0.289,0.00000304,0.113,0.845,81.604,4,247059,11,Rap/Hip-Hop,8,1,450,-3,82,TRUE
48,Life Is Good (feat. Drake),Future,87,Life Is Good (feat. Drake),77,0.676,0.609,-5.831,0,2,0.481,0.0706,0,0.152,0.508,142.037,4,237735,18,Rap/Hip-Hop,14,1,273,-4,82,TRUE
49,SNAP,Rosa Linn,74,SNAP,89,0.563,0.639,-8.205,1,0,0.0684,0.107,0.0000106,0.446,0.518,169.985,4,179551,NA,NA,NA,NA,NA,NA,81.5,NA
50,Another Love,Tom Odell,74,Long Way Down (Deluxe),89,0.445,0.537,-8.532,0,4,0.04,0.695,0.0000165,0.0944,0.131,122.769,4,244360,NA,NA,NA,NA,NA,NA,81.5,NA
51,Good Days,SZA,82,Good Days,81,0.436,0.655,-8.37,0,1,0.0583,0.499,0.0000081,0.688,0.412,121.002,4,279204,3,Rap/Hip-Hop,3,1,180,0,81.5,TRUE
52,WITHOUT YOU,The Kid LAROI,83,F*CK LOVE (SAVAGE),80,0.662,0.413,-7.357,1,0,0.0299,0.213,0,0.134,0.467,93.005,4,161385,64,Rap/Hip-Hop,46,4,98,-18,81.5,TRUE
53,Therefore I Am,Billie Eilish,88,Therefore I Am,75,0.889,0.34,-7.773,0,11,0.0697,0.218,0.13,0.055,0.716,94.009,4,174321,41,Pop,37,1,233,-4,81.5,TRUE
54,For The Night (feat. Lil Baby & DaBaby),Pop Smoke,83,Shoot For The Stars Aim For The Moon,80,0.823,0.586,-6.606,0,6,0.2,0.114,0,0.193,0.347,125.971,4,190476,NA,NA,NA,NA,NA,NA,81.5,NA
55,Betty (Get Money),Yung Gravy,75,Betty (Get Money),87,0.723,0.772,-6.784,1,1,0.0792,0.00524,0.0000115,0.367,0.58,102.004,4,146471,NA,NA,NA,NA,NA,NA,81,NA
56,Light Switch,Charlie Puth,83,Light Switch (Instrumental),79,0.69,0.626,-5.693,1,6,0.306,0.105,0.000335,0.0881,0.912,184.009,4,185681,NA,NA,NA,NA,NA,NA,81,NA
57,Talking to the Moon,Bruno Mars,86,Doo-Wops & Hooligans,76,0.498,0.59,-4.721,0,1,0.032,0.511,0,0.107,0.0784,145.867,4,217867,21,Pop,21,1,428,0,81,TRUE
58,ROCKSTAR (feat. Roddy Ricch),DaBaby,82,BLAME IT ON BABY,80,0.746,0.69,-7.956,1,11,0.164,0.247,0,0.101,0.497,89.977,4,181733,NA,NA,NA,NA,NA,NA,81,NA
59,Wait a Minute!,WILLOW,76,ARDIPITHECUS,86,0.764,0.705,-5.279,0,3,0.0278,0.0371,0.0000194,0.0943,0.672,101.003,4,196520,NA,NA,NA,NA,NA,NA,81,NA
60,The Less I Know The Better,Tame Impala,78,Currents,84,0.64,0.74,-4.083,1,4,0.0284,0.0115,0.00678,0.167,0.785,116.879,4,216320,NA,NA,NA,NA,NA,NA,81,NA
61,I Hate U,SZA,82,I Hate U,79,0.535,0.388,-9.805,0,7,0.155,0.507,0,0.11,0.412,106.703,5,174000,3,Rap/Hip-Hop,3,1,180,0,80.5,TRUE
62,WAP (feat. Megan Thee Stallion),Cardi B,81,WAP (feat. Megan Thee Stallion),80,0.935,0.454,-7.509,1,1,0.375,0.0194,0,0.0824,0.357,133.073,4,187541,NA,NA,NA,NA,NA,NA,80.5,NA
63,Mood Swings (feat. Lil Tjay),Pop Smoke,83,Shoot For The Stars Aim For The Moon,78,0.48,0.602,-6.335,0,10,0.368,0.487,0,0.0848,0.269,179.798,4,213333,NA,NA,NA,NA,NA,NA,80.5,NA
64,The Box,Roddy Ricch,80,Please Excuse Me for Being Antisocial,81,0.896,0.586,-6.687,0,10,0.0559,0.104,0,0.79,0.642,116.971,4,196653,NA,NA,NA,NA,NA,NA,80.5,NA
65,Hawái,Maluma,83,PAPI JUANCHO,77,0.783,0.727,-3.454,0,6,0.389,0.185,0.0000246,0.0626,0.558,180.067,4,199112,NA,NA,NA,NA,NA,NA,80,NA
66,telepatía,Kali Uchis,78,Sin Miedo (del Amor y Otros Demonios) ∞,82,0.653,0.524,-9.016,0,11,0.0502,0.112,0,0.203,0.553,83.97,4,160191,NA,NA,NA,NA,NA,NA,80,NA
67,Freak,Doja Cat,88,Freak,72,0.688,0.716,-5.702,1,7,0.0385,0.0969,0,0.0989,0.373,116.912,3,284480,23,Rap/Hip-Hop,25,1,160,2,80,TRUE
68,Be Kind (with Halsey),Marshmello,83,Be Kind (with Halsey),77,0.63,0.633,-7.088,1,4,0.0457,0.00776,0,0.0541,0.452,93.995,4,172762,NA,NA,NA,NA,NA,NA,80,NA
69,Without Me,Halsey,83,Without Me,77,0.752,0.488,-7.05,1,6,0.0705,0.297,0.00000911,0.0936,0.533,136.041,4,201661,NA,NA,NA,NA,NA,NA,80,NA
70,Girls Like You (feat. Cardi B) - Cardi B Version,Maroon 5,85,Red Pill Blues (Deluxe),74,0.851,0.541,-6.825,1,0,0.0505,0.568,0,0.13,0.448,124.959,4,235545,NA,NA,NA,NA,NA,NA,79.5,NA
71,abcdefu,GAYLE,71,abcdefu,87,0.695,0.54,-5.692,1,4,0.0493,0.299,0,0.367,0.415,121.932,4,168602,NA,NA,NA,NA,NA,NA,79,NA
72,BOP,DaBaby,82,KIRK,76,0.769,0.787,-3.909,1,11,0.367,0.189,0,0.129,0.836,126.77,4,159715,NA,NA,NA,NA,NA,NA,79,NA
73,love nwantiti (ah ah ah),CKay,73,CKay The First,84,0.727,0.739,-3.805,1,8,0.0411,0.365,0.00137,0.161,0.533,93.005,4,145800,NA,NA,NA,NA,NA,NA,78.5,NA
74,Play Date,Melanie Martinez,78,Cry Baby (Deluxe Edition),78,0.68,0.729,-5.077,1,5,0.0475,0.612,0,0.224,0.446,123.97,4,179867,NA,NA,NA,NA,NA,NA,78,NA
75,Cold Heart - PNAU Remix,Elton John,82,The Lockdown Sessions,73,0.795,0.8,-6.32,1,1,0.0309,0.0354,0.0000725,0.0915,0.934,116.032,4,202735,77,Pop,74,7,149,-3,77.5,TRUE
76,TKN (feat. Travis Scott),ROSALÍA,83,TKN (feat. Travis Scott),72,0.776,0.509,-6.266,0,0,0.467,0.192,0.00000149,0.115,0.485,94.634,4,129371,NA,NA,NA,NA,NA,NA,77.5,NA
77,Afraid To Feel,LF SYSTEM,68,Afraid To Feel,86,0.578,0.912,-3.929,1,1,0.114,0.0166,0.00362,0.273,0.68,127.87,4,177525,NA,NA,NA,NA,NA,NA,77,NA
78,"1, 2, 3 (feat. Jason Derulo & De La Ghetto)",Sofía Reyes,72,"1, 2, 3 (feat. Jason Derulo & De La Ghetto)",82,0.792,0.895,-3.112,0,1,0.0589,0.165,0,0.0501,0.794,94.968,4,201526,NA,NA,NA,NA,NA,NA,77,NA
79,Freaks,Surf Curse,69,Freaks,85,0.345,0.941,-9.918,1,9,0.0466,0.0000384,0.633,0.0511,0.407,179.626,4,147062,NA,NA,NA,NA,NA,NA,77,NA
80,Thot Shit,Megan Thee Stallion,82,Thot Shit,72,0.95,0.693,-3.424,1,9,0.0898,0.0133,0,0.173,0.891,130.02,4,184635,NA,NA,NA,NA,NA,NA,77,NA
81,HOLIDAY,Lil Nas X,81,HOLIDAY,73,0.81,0.511,-6.924,0,5,0.164,0.12,0,0.0832,0.837,151.947,4,154998,97,Pop,92,2,164,-5,77,TRUE
82,Frozen,Madonna,77,Frozen,76,0.706,0.633,-9.584,1,1,0.0419,0.267,0.0192,0.175,0.375,110.005,4,120157,NA,NA,NA,NA,NA,NA,76.5,NA
83,death bed (coffee for your head),Powfu,71,death bed (coffee for your head),82,0.726,0.431,-8.765,0,8,0.135,0.731,0,0.696,0.348,144.026,4,173333,NA,NA,NA,NA,NA,NA,76.5,NA
84,"Gravity (feat. Tyler, The Creator)",Brent Faiyaz,80,"Gravity (feat. Tyler, The Creator)",72,0.539,0.615,-8.746,0,1,0.252,0.173,0.0056,0.144,0.493,163.924,4,214693,NA,NA,NA,NA,NA,NA,76,NA
85,Savage,Megan Thee Stallion,82,Suga,70,0.843,0.741,-5.609,1,11,0.334,0.0252,0,0.096,0.68,168.983,4,155497,NA,NA,NA,NA,NA,NA,76,NA
86,Better Days (NEIKED x Mae Muller x Polo G),NEIKED,68,Better Days (NEIKED x Mae Muller x Polo G),83,0.717,0.671,-5.077,0,0,0.0337,0.0018,0.00000254,0.0921,0.699,110.054,4,160657,NA,NA,NA,NA,NA,NA,75.5,NA
87,"More Than A Woman - From ""Saturday Night Fever"" Soundtrack",Bee Gees,75,How Can You Mend A Broken Heart,76,0.601,0.703,-6.24,1,7,0.0379,0.175,0.000084,0.571,0.673,106.164,4,196213,NA,NA,NA,NA,NA,NA,75.5,NA
88,Friday (feat. Mufasa & Hypeman) - Dopamine Re-Edit,Riton,68,Friday (feat. Mufasa & Hypeman) [Dopamine Re-Edit],83,0.824,0.862,-3.424,1,2,0.126,0.0076,0.000132,0.303,0.801,122.98,4,169153,NA,NA,NA,NA,NA,NA,75.5,NA
89,Up,Cardi B,81,Up (Instrumental),70,0.868,0.795,-6.044,1,11,0.269,0.0012,0.0193,0.0461,0.819,166,4,156945,NA,NA,NA,NA,NA,NA,75.5,NA
90,Life Goes On,Oliver Tree,70,"Ugly is Beautiful: Shorter, Thicker & Uglier (Deluxe)",80,0.7,0.49,-5.187,1,0,0.076,0.186,0,0.117,0.569,79.982,4,161803,NA,NA,NA,NA,NA,NA,75,NA
91,edamame (feat. Rich Brian),bbno$,72,edamame (feat. Rich Brian),77,0.815,0.848,-4.704,0,4,0.115,0.023,0.000162,0.0265,0.684,106.032,4,133707,NA,NA,NA,NA,NA,NA,74.5,NA
92,MONEY,LISA,70,LALISA,79,0.831,0.554,-9.998,0,1,0.218,0.161,0.0000612,0.152,0.396,140.026,4,168228,NA,NA,NA,NA,NA,NA,74.5,NA
93,Electric Love,BØRNS,67,Dopamine,82,0.611,0.797,-7.627,0,6,0.0533,0.00543,0.00137,0.26,0.518,120.041,4,218107,NA,NA,NA,NA,NA,NA,74.5,NA
94,Lemonade,Internet Money,72,"Lemonade (feat. Gunna, Don Toliver & NAV)",76,0.799,0.66,-6.153,0,1,0.079,0.256,0,0.111,0.471,140.04,4,195429,NA,NA,NA,NA,NA,NA,74,NA
95,Sunday Best,Surfaces,71,Where the Light Is,77,0.878,0.525,-6.832,1,5,0.0578,0.183,0,0.0714,0.694,112.022,4,158571,NA,NA,NA,NA,NA,NA,74,NA
96,Astronaut In The Ocean,Masked Wolf,68,Astronaut In The Ocean,79,0.778,0.695,-6.865,0,4,0.0913,0.175,0,0.15,0.472,149.996,4,132780,NA,NA,NA,NA,NA,NA,73.5,NA
97,That Way,Lil Uzi Vert,85,That Way,62,0.719,0.611,-5.01,0,7,0.0403,0.0582,0,0.155,0.489,129.962,4,212354,27,Rap/Hip-Hop,24,1,208,-3,73.5,TRUE
98,Meet Me At Our Spot,THE ANXIETY,65,THE ANXIETY,81,0.773,0.47,-7.93,1,2,0.0299,0.0153,0.000193,0.0851,0.399,94.995,4,162680,NA,NA,NA,NA,NA,NA,73,NA
99,FLIP THE SWITCH (feat. Drake),Quavo,79,QUAVO HUNCHO,67,0.853,0.637,-5.924,0,3,0.331,0.129,0,0.267,0.496,86.048,4,156195,NA,NA,NA,NA,NA,NA,73,NA
100,Jiggle Jiggle,Duke & Jones,64,Jiggle Jiggle,81,0.864,0.412,-5.886,1,1,0.273,0.458,0.00087,0.124,0.654,99.992,4,97209,NA,NA,NA,NA,NA,NA,72.5,NA
101,Cupid's Chokehold / Breakfast in America,Gym Class Heroes,68,The Papercut Chronicles,77,0.72,0.744,-6.938,0,1,0.12,0.237,0,0.255,0.619,78.953,4,243773,NA,NA,NA,NA,NA,NA,72.5,NA
102,dirty laundry,blackbear,80,deadroses,65,0.766,0.64,-8.899,1,0,0.0345,0.051,0,0.237,0.67,100.044,4,165600,NA,NA,NA,NA,NA,NA,72.5,NA
103,Blueberry Faygo,Lil Mosey,70,Certified Hitmaker,75,0.774,0.554,-7.909,1,0,0.0383,0.207,0,0.132,0.349,99.034,4,162547,NA,NA,NA,NA,NA,NA,72.5,NA
104,SAD GIRLZ LUV MONEY Remix (feat. Kali Uchis and Moliy),Amaarae,64,SAD GIRLZ LUV MONEY Remix (feat. Kali Uchis and Moliy),80,0.87,0.523,-8.052,0,1,0.0602,0.433,0.0000207,0.113,0.319,110.02,4,204764,NA,NA,NA,NA,NA,NA,72,NA
105,motive (with Doja Cat),Ariana Grande,87,Positions (Deluxe),57,0.789,0.742,-5.664,0,10,0.0652,0.0681,0,0.166,0.661,116.965,4,167990,NA,NA,NA,NA,NA,NA,72,NA
106,ROXANNE,Arizona Zervas,66,ROXANNE,78,0.621,0.601,-5.616,0,6,0.148,0.0522,0,0.46,0.457,116.735,5,163636,NA,NA,NA,NA,NA,NA,72,NA
107,Good Looking,Suki Waterhouse,64,Good Looking,80,0.377,0.558,-9.076,1,4,0.0299,0.0789,0.000342,0.125,0.267,149.971,3,214800,NA,NA,NA,NA,NA,NA,72,NA
108,Wellerman - Sea Shanty / 220 KID x Billen Ted Remix,Nathan Evans,66,Wellerman (Sea Shanty / 220 KID x Billen Ted Remix),77,0.722,0.893,-3.255,0,0,0.0475,0.0441,0.000937,0.0673,0.439,119.932,4,116750,NA,NA,NA,NA,NA,NA,71.5,NA
109,TO THE MOON,Jnr Choi,63,TO THE MOON,79,0.745,0.65,-11.814,1,2,0.346,0.0451,0.00758,0.111,0.386,144.047,4,152137,NA,NA,NA,NA,NA,NA,71,NA
110,Rover (feat. DTG),S1mba,64,Rover (feat. DTG),78,0.613,0.624,-6.66,0,11,0.206,0.496,0,0.283,0.803,62.948,5,167917,NA,NA,NA,NA,NA,NA,71,NA
111,OUT WEST (feat. Young Thug),JACKBOYS,65,JACKBOYS,77,0.802,0.591,-4.895,1,8,0.225,0.0104,0,0.196,0.309,139.864,4,157712,NA,NA,NA,NA,NA,NA,71,NA
112,Build a Bitch,Bella Poarch,65,Build a Bitch,76,0.855,0.463,-7.454,1,3,0.0367,0.217,0.0000177,0.347,0.866,102.931,4,122773,NA,NA,NA,NA,NA,NA,70.5,NA
113,Pumped Up Kicks,Madism,66,Pumped Up Kicks,75,0.669,0.687,-4.753,1,0,0.043,0.152,0.000016,0.308,0.386,123.903,4,145161,NA,NA,NA,NA,NA,NA,70.5,NA
114,Down Under (feat. Colin Hay),Luude,68,Down Under (feat. Colin Hay),72,0.308,0.861,-4.112,0,11,0.172,0.012,0.00103,0.277,0.0386,171.966,4,158774,NA,NA,NA,NA,NA,NA,70,NA
115,Savage Love (Laxed - Siren Beat),Jawsh 685,63,Savage Love (Laxed - Siren Beat),77,0.767,0.481,-8.52,0,0,0.0803,0.234,0,0.269,0.761,150.076,4,171375,NA,NA,NA,NA,NA,NA,70,NA
116,Tap In,Saweetie,73,Tap In,67,0.954,0.696,-7.117,0,10,0.204,0.00576,0.000498,0.0754,0.432,100.036,4,139413,NA,NA,NA,NA,NA,NA,70,NA
117,Supalonely,BENEE,67,STELLA & STEVE,72,0.863,0.631,-4.689,1,7,0.0534,0.305,0.0000304,0.123,0.817,128.977,4,223480,NA,NA,NA,NA,NA,NA,69.5,NA
118,INFERNO,Sub Urban,67,INFERNO,71,0.82,0.611,-5.02,0,9,0.122,0.0766,0.000025,0.0684,0.637,127.883,4,133134,NA,NA,NA,NA,NA,NA,69,NA
119,Whoopty,CJ,63,Whoopty,74,0.719,0.648,-7.6,0,3,0.125,0.2,0,0.127,0.66,140.201,4,123263,NA,NA,NA,NA,NA,NA,68.5,NA
120,Plug Walk,Rich The Kid,67,The World Is Yours,70,0.876,0.519,-6.531,1,11,0.143,0.202,0,0.108,0.158,94.981,4,175230,NA,NA,NA,NA,NA,NA,68.5,NA
121,Dinero,Trinidad Cardona,63,Dinero,73,0.708,0.782,-4.687,1,2,0.0674,0.00772,0,0.107,0.484,119.997,4,160880,NA,NA,NA,NA,NA,NA,68,NA
122,Baby Girl,Disco Lines,59,Baby Girl,76,0.73,0.907,-3.72,1,2,0.0606,0.0921,0.114,0.23,0.249,120.968,4,111074,NA,NA,NA,NA,NA,NA,67.5,NA
123,Pope Is a Rockstar,SALES,61,SALES LP,74,0.725,0.446,-8.958,0,4,0.0287,0.85,0.243,0.107,0.311,90.024,4,187333,NA,NA,NA,NA,NA,NA,67.5,NA
124,I AM WOMAN,Emmy Meli,59,I AM WOMAN,76,0.646,0.471,-9.247,1,10,0.157,0.122,0,0.125,0.455,170.084,4,232813,NA,NA,NA,NA,NA,NA,67.5,NA
125,Jalebi Baby (Tesher x Jason Derulo),Tesher,61,Jalebi Baby (Tesher x Jason Derulo),73,0.691,0.829,-7.179,1,0,0.0412,0.0289,0,0.254,0.866,93.059,4,169154,NA,NA,NA,NA,NA,NA,67,NA
126,THE SCOTTS,THE SCOTTS,58,THE SCOTTS,76,0.716,0.537,-7.648,0,0,0.0514,0.233,0,0.157,0.28,129.979,4,165978,NA,NA,NA,NA,NA,NA,67,NA
127,Vacation,Dirty Heads,65,Vacation,67,0.736,0.751,-5.588,1,8,0.034,0.0381,0,0.105,0.839,150.064,4,209722,NA,NA,NA,NA,NA,NA,66,NA
128,RAPSTAR,Polo G,83,RAPSTAR,49,0.789,0.536,-6.862,1,6,0.242,0.41,0,0.129,0.437,81.039,4,165926,NA,NA,NA,NA,NA,NA,66,NA
129,Party Girl,StaySolidRocky,59,Party Girl,71,0.728,0.431,-9.966,0,6,0.0622,0.749,0,0.0996,0.629,130.022,4,147800,NA,NA,NA,NA,NA,NA,65,NA
130,Rockstar,Ilkay Sencan,61,Rockstar,69,0.771,0.826,-3.978,1,11,0.0604,0.142,0.03,0.145,0.185,100.012,4,212280,NA,NA,NA,NA,NA,NA,65,NA
131,Running To You (feat. Caden),VINAI,64,Running To You (feat. Caden),65,0.579,0.727,-5.149,0,11,0.0399,0.0321,0,0.714,0.246,124.09,4,183091,NA,NA,NA,NA,NA,NA,64.5,NA
132,Running Away,VANO 3000,55,Running Away,72,0.58,0.696,-10.91,1,7,0.0408,0.66,0.852,0.145,0.721,93.688,4,111787,NA,NA,NA,NA,NA,NA,63.5,NA
133,Creep,Naeleck,61,Creep,65,0.615,0.829,-4.567,1,6,0.0421,0.0555,0.00156,0.426,0.0754,124.013,4,203226,NA,NA,NA,NA,NA,NA,63,NA
134,Renee,SALES,61,Renee,65,0.924,0.386,-8.183,1,9,0.0548,0.755,0.00253,0.118,0.424,108.957,4,179125,NA,NA,NA,NA,NA,NA,63,NA
135,Baby I'm Yours,Breakbot,57,By Your Side,69,0.829,0.792,-3.755,0,2,0.0668,0.726,0.00000583,0.122,0.758,118.05,4,215507,NA,NA,NA,NA,NA,NA,63,NA
136,Memories,Coopex,60,Memories,64,0.745,0.862,-4.18,1,8,0.116,0.335,0.000623,0.102,0.738,123.979,4,138453,NA,NA,NA,NA,NA,NA,62,NA
137,Don't Rush (feat. Headie One),Young T & Bugsey,60,Don't Rush (feat. Headie One),63,0.961,0.461,-8.684,1,9,0.27,0.202,0.00402,0.162,0.324,108.028,4,207640,NA,NA,NA,NA,NA,NA,61.5,NA
138,Astronomia,Vicetone,63,Astronomia,60,0.653,0.945,-2.634,1,5,0.096,0.00561,0.915,0.439,0.325,126.093,4,198095,NA,NA,NA,NA,NA,NA,61.5,NA
139,The Plan,Arman Aydin,64,The Plan,58,0.812,0.653,-5.849,0,5,0.0361,0.0059,0,0.105,0.864,124.034,4,135484,NA,NA,NA,NA,NA,NA,61,NA
140,Boys Ain't Shit,SAYGRACE,58,Boys Ain't Shit,64,0.826,0.615,-4.729,0,1,0.137,0.435,0.00631,0.334,0.841,102.999,4,175884,NA,NA,NA,NA,NA,NA,61,NA
141,Left and Right (Charlie Puth) [feat. Jung Kook of BTS] - Sped Up Version,sped up nightcore,63,Left and Right (Charlie Puth) [feat. Jung Kook of BTS] [Sped Up Version],58,0.827,0.456,-9.246,1,5,0.0942,0.622,0.0000979,0.109,0.689,114.269,4,135978,NA,NA,NA,NA,NA,NA,60.5,NA
142,Free Falling Love,Lucas Estrada,63,Free Falling Love,58,0.771,0.932,-3.727,0,7,0.0424,0.311,0.000158,0.116,0.139,120.012,4,155000,NA,NA,NA,NA,NA,NA,60.5,NA
143,Bundles (feat. Taylor Girlz),Kayla Nicole,54,Bundles (feat. Taylor Girlz),67,0.939,0.682,-5.931,1,11,0.306,0.00152,0,0.0552,0.584,130.022,4,154806,NA,NA,NA,NA,NA,NA,60.5,NA
144,Ameno Amapiano Remix (You Wanna Bamba),Goya Menor,52,Ameno Amapiano Remix (You Wanna Bamba),68,0.807,0.898,-5.837,0,6,0.0393,0.188,0.000395,0.0824,0.743,112.998,4,227101,NA,NA,NA,NA,NA,NA,60,NA
145,Say It Right,Coopex,60,Say It Right,60,0.712,0.816,-6.56,0,5,0.0447,0.152,0.0519,0.24,0.449,125.976,4,128095,NA,NA,NA,NA,NA,NA,60,NA
146,Best Friend (feat. Doja Cat),Saweetie,73,Best Friend (feat. Doja Cat) [Remix EP],45,0.84,0.766,-4.12,1,4,0.136,0.00302,0.00000361,0.0684,0.402,94.018,4,155884,NA,NA,NA,NA,NA,NA,59,NA
147,Banana (feat. Shaggy) - DJ FLe - Minisiren Remix,Conkarah,53,Banana (feat. Shaggy) [DJ FLe - Minisiren Remix],65,0.824,0.854,-5.312,1,8,0.177,0.016,0.0000495,0.117,0.896,95.114,4,210329,NA,NA,NA,NA,NA,NA,59,NA
148,Sunroof,Nicky Youre,73,Sunroof,44,0.768,0.716,-5.11,1,10,0.0404,0.35,0,0.15,0.841,131.43,4,163026,NA,NA,NA,NA,NA,NA,58.5,NA
149,Flex On My Ex (with Bankrol Hayden),KillBunk,60,Flex On My Ex (with Bankrol Hayden),57,0.619,0.707,-8.033,1,1,0.099,0.00601,0,0.0946,0.365,85.285,5,166805,NA,NA,NA,NA,NA,NA,58.5,NA
150,Leave The Door Open,Bruno Mars,86,Leave The Door Open,31,0.586,0.616,-7.964,1,5,0.0324,0.182,0,0.0927,0.719,148.088,4,242096,21,Pop,21,1,428,0,58.5,TRUE
151,So Pretty,Reyanna Maria,51,So Pretty,66,0.799,0.543,-6.094,0,10,0.24,0.0512,0.0425,0.134,0.25,187.906,4,85742,NA,NA,NA,NA,NA,NA,58.5,NA
152,Just The Two of Us,Kauai45,50,Just The Two of Us,67,0.592,0.214,-13.468,1,1,0.115,0.936,0.0000162,0.253,0.422,81.672,4,117037,NA,NA,NA,NA,NA,NA,58.5,NA
153,When You're Gone,Paradigm,62,When You're Gone,53,0.783,0.753,-5.003,1,11,0.325,0.0117,0,0.139,0.663,124.036,4,145161,NA,NA,NA,NA,NA,NA,57.5,NA
154,Heart of Glass,Nito-Onna,61,Heart of Glass,54,0.75,0.838,-5.132,1,9,0.124,0.194,0.00000799,0.313,0.397,123.89,4,144245,NA,NA,NA,NA,NA,NA,57.5,NA
155,Work from Home,Coopex,60,Work from Home,54,0.845,0.669,-7.886,1,8,0.0658,0.181,0.00347,0.0897,0.86,125.014,4,151680,NA,NA,NA,NA,NA,NA,57,NA
156,drivers license,Olivia Rodrigo,85,drivers license,29,0.585,0.436,-8.761,1,10,0.0601,0.721,0.0000131,0.105,0.132,143.874,4,242014,59,Pop,64,1,109,5,57,TRUE
157,Complicated,Nito-Onna,61,Complicated,52,0.724,0.692,-4.997,1,5,0.109,0.074,0,0.0937,0.419,134.088,4,152126,NA,NA,NA,NA,NA,NA,56.5,NA
158,Pepas,YES YES,54,Pepas,58,0.691,0.823,-4.974,1,7,0.0626,0.0235,0,0.0781,0.149,125.973,4,134330,NA,NA,NA,NA,NA,NA,56,NA
159,Bad Habits,Ed Sheeran,90,Bad Habits,22,0.808,0.897,-3.712,0,11,0.0348,0.0469,0.0000314,0.364,0.591,126.026,4,231041,20,Pop,15,1,443,-5,56,TRUE
160,Only Girl,Coopex,60,Only Girl,52,0.792,0.832,-4.406,0,11,0.0397,0.367,0.00164,0.198,0.186,127.983,4,146465,NA,NA,NA,NA,NA,NA,56,NA
161,Blinding Lights,The Weeknd,93,Blinding Lights,18,0.513,0.796,-4.075,1,1,0.0629,0.00147,0.000209,0.0938,0.345,171.017,4,201573,NA,NA,NA,NA,NA,NA,55.5,NA
162,Kiss Me,Lucas Estrada,63,Kiss Me,47,0.588,0.685,-8.08,1,8,0.0624,0.374,0.000155,0.581,0.122,107.938,4,146669,NA,NA,NA,NA,NA,NA,55,NA
"Showing 1 to 18 of 263 entries, 26 total columns",,,,,,,,,,,,,,,,,,,,,,,,,,